facilityID,facilityName,description,level,upgradeCost,effectType,effectValue
4001,분류대,분류 작업 공간을 확장해 대기 편지 처리 한도를 늘립니다.,1,0,LetterCapacityIncrease,1.0
4001,분류대,분류 작업 공간을 확장해 대기 편지 처리 한도를 늘립니다.,2,500,LetterCapacityIncrease,2.0
4001,분류대,분류 작업 공간을 확장해 대기 편지 처리 한도를 늘립니다.,3,1500,LetterCapacityIncrease,3.0
4002,배달 차고,배달 준비 동선을 개선해 전체 배달 시간을 줄입니다.,1,0,DeliveryTimeReduction,0.05
4002,배달 차고,배달 준비 동선을 개선해 전체 배달 시간을 줄입니다.,2,1000,DeliveryTimeReduction,0.10
4002,배달 차고,배달 준비 동선을 개선해 전체 배달 시간을 줄입니다.,3,3000,DeliveryTimeReduction,0.15
4003,편지 보관함,보관 공간을 확장해 우체국의 편지 보유 한도를 늘립니다.,1,0,LetterCapacityIncrease,2.0
4003,편지 보관함,보관 공간을 확장해 우체국의 편지 보유 한도를 늘립니다.,2,800,LetterCapacityIncrease,4.0
4003,편지 보관함,보관 공간을 확장해 우체국의 편지 보유 한도를 늘립니다.,3,2000,LetterCapacityIncrease,6.0
