replyID,linkedLetterID,senderName,replyTitle,replyBody,replyImagePath
5001,1001,선우,화분은 잘 자라고 있어요,말씀하신 화분에서 새잎이 돋았습니다. 돌아오실 때까지 잘 돌볼게요.,
5002,1002,다온,아직 그 빵을 기억해요,그날 만들었던 빵을 저도 기억합니다. 다시 만날 날을 기다릴게요.,
5003,1003,유진,편지를 받을 수 있어서 다행이에요,이사한 뒤에도 편지가 찾아와서 놀랐습니다. 전해주셔서 감사합니다.,
5004,1004,하람,강 건너에서도 잘 지내,새로운 집에서도 잘 지내고 있어. 다음에는 내가 먼저 찾아갈게.,
5005,1005,시온,사진을 다시 간직할게요,사진 속 그날을 오랫동안 피했지만 이제는 다시 바라볼 수 있을 것 같아요.,
5006,1006,나래,목도리를 찾아줘서 고마워요,어머니가 만들어주신 목도리라 포기하지 못했어요. 정말 감사합니다.,
5007,1007,정순,산 위에도 봄이 왔단다,보내준 물건은 잘 받았다. 산 위에도 꽃이 피기 시작했단다.,
5008,1008,도현,공연장에서 기다릴게요,편지를 제때 받았어요. 오늘 밤 공연장에서 기다리겠습니다.,
5009,1009,현수,지도 끝에는 집이 있었어,그 지도는 보물을 찾는 지도가 아니라 가족이 돌아올 집을 표시한 것이었어.,
5010,1010,우체국 기록실,국장님께서 읽어주세요,전임 국장이 남긴 미완성 배달 기록을 기록실 깊은 서랍에 보관했습니다.,
5011,1011,가람,별이 가장 밝은 날에,"약속을 잊지 않았어. 별이 가장 밝은 날, 산 위 전망대에서 만나자.",
5012,1012,이안,마지막 기차를 타지 않았어요,편지를 읽고 기차에서 내렸습니다. 아직 해야 할 말이 남아 있어요.,
5013,1013,기록관리인,미완성 배달 기록,전임 국장은 주소 없는 편지를 끝내 전달하지 못했습니다. 기록은 산길에서 끊겨 있습니다.,
5014,1014,수취인 미상,주소 없는 편지의 주인,봉투의 낡은 우표와 필체가 오래전 우체국 기록과 일치합니다.,
5015,1015,전임 국장,새로운 국장에게,마지막 편지를 여기까지 전해줘서 고맙습니다. 이제 이 우체국은 당신의 것입니다.,
